time,open,high,low,close,Volume
1770395400,687.105,688.01,687.05,687.7,2097689
1770396300,687.7,688.02,686.94,687.46,1512193
1770397200,687.455,688.4,687.14,687.94,1564853
1770398100,687.94,688.51,687.61,688.48,1246387
1770399000,688.5,688.91,687.8524,688.5,1550101
1770399900,688.5,689.54,688.495,688.95,1821357
1770400800,688.96,689.51,688.89,689.045,1289275
1770401700,689.045,689.44,688.59,688.945,1134177
1770402600,688.95,689.46,688.88,689.305,933119
1770403500,689.31,689.66,688.95,689.03,1198192
1770404400,689.03,689.42,688.9,688.9099,1523657
1770405300,688.91,689.53,688.74,689.478,1246919
1770406200,689.48,689.56,688.9,688.975,1266489
1770407100,688.98,689.76,688.97,689.35,1296045
1770408000,689.34,689.81,689.1,689.465,1804564
1770408900,689.47,690.14,689.4425,689.775,2200672
1770409800,689.77,690.7687,689.6,690.75,2963890
1770410700,690.76,692.31,690.58,690.66,9243061
1770647400,689.42,691.57,688.34,691.195,5897598
1770648300,691.19,691.635,689.78,690.4,3929492
1770649200,690.38,691.94,690.22,691.78,2651090
1770650100,691.79,692.93,691.69,691.94,2539775
1770651000,691.96,693.765,691.9387,693.54,2526255
1770651900,693.54,694.46,693.21,694.24,2319293
1770652800,694.23,694.62,694.06,694.305,1592084
1770653700,694.3,694.76,694.06,694.6897,1653187
1770654600,694.68,695,694.27,694.97,1401362
1770655500,694.97,695.59,694.96,695.39,1812971
1770656400,695.385,695.66,695.21,695.48,1235706
1770657300,695.47,695.59,695.12,695.14,1094011
1770658200,695.15,695.51,694.82,694.93,1009180
1770659100,694.94,695.01,694.48,694.58,916966
1770660000,694.57,694.952,694.36,694.865,1025006
1770660900,694.87,695,693.55,694.23,2129103
1770661800,694.23,695.17,694,695.0001,1265856
1770662700,695,695.19,694.49,694.67,1027666
1770663600,694.67,695.34,694.49,695.26,1465871
1770664500,695.25,695.87,695.18,695.74,1554718
1770665400,695.74,695.85,695.49,695.59,1146056
1770666300,695.59,695.7,695.34,695.42,1079478
1770667200,695.42,695.72,695.32,695.415,1113713
1770668100,695.41,695.43,694.33,694.575,2420172
1770669000,694.57,694.845,693.88,694.61,3731780
1770669900,694.6,695.02,693.91,693.92,6490968
1770733800,694.95,695.55,693.455,693.985,4812972
1770734700,694,696.16,693.64,695.75,3043858
1770735600,695.74,696.435,694.71,695.41,2290021
1770736500,695.41,696.39,694.96,695.92,2011966
1770737400,695.905,696.54,695.35,696.065,1686641
1770738300,696.07,696.21,694.91,695.395,1283701
1770739200,695.4,695.67,694.62,694.9,1339136
1770740100,694.89,695.32,694.09,694.78,1824465
1770741000,694.77,695.12,694.45,694.645,1048956
1770741900,694.65,695.4,694.32,694.77,1009847
1770742800,694.755,695.54,694.2,695.475,1093469
1770743700,695.47,695.6701,694.96,695.25,1159565
1770744600,695.25,695.57,694.825,695.49,748172
1770745500,695.485,695.8,695.34,695.4413,734689
1770746400,695.45,695.47,694.54,694.595,832318
1770747300,694.58,694.67,693.37,693.44,1934899
1770748200,693.43,693.86,693,693.615,1917333
1770749100,693.595,693.82,692.85,693.64,1680477
1770750000,693.65,693.88,693.24,693.6599,1366866
1770750900,693.662,693.905,693.13,693.87,944623
1770751800,693.87,694.13,693.36,693.51,1160764
1770752700,693.52,693.9,693.365,693.77,882667
1770753600,693.76,693.993,693.11,693.21,1339746
1770754500,693.2,693.84,693.11,693.2975,1528007
1770755400,693.3,693.54,692.87,693.06,2376603
1770756300,693.06,693.435,691.66,692.11,9552126
1770820200,696.43,697.14,695.145,695.41,4821215
1770821100,695.42,696.38,693.805,694.12,3469581
1770822000,694.13,694.76,690.83,691.75,4344140
1770822900,691.755,691.94,689.18,689.72,5290689
1770823800,689.7301,691.74,689.56,691.205,3694766
1770824700,691.2,692.62,690.2599,692.35,3017149
1770825600,692.33,692.925,691.38,692.82,1849114
1770826500,692.82,693.45,691.82,691.84,1932549
1770827400,691.82,693.35,691.5,692.995,1878198
1770828300,693,693.32,691.99,692.05,1516532
1770829200,692.05,692.6,691.39,692.345,1763508
1770830100,692.37,693.84,692.09,693.597,2021559
1770831000,693.6,693.86,693.005,693.72,1112057
1770831900,693.735,693.99,692.55,692.77,1050901
1770832800,692.77,692.98,691.52,691.65,1720747
1770833700,691.64,692.88,691.41,692.79,1890961
1770834600,692.7897,693.01,692.16,692.405,1253539
1770835500,692.42,693.02,692.03,692.73,1411772
1770836400,692.73,693.43,692.11,693.28,2027301
1770837300,693.27,693.955,693.22,693.74,1466887
1770838200,693.75,693.86,693.3,693.71,1117033
1770839100,693.71,693.75,692.42,692.94,2052876
1770840000,692.92,693.1,692.65,692.79,1173442
1770840900,692.785,693.08,692.23,692.255,1748161
1770841800,692.25,692.925,691.8505,692.5,2651378
1770842700,692.5,692.99,691.77,691.91,5687194
1770906600,694.28,695.35,693.9806,694.0299,4319776
1770907500,694.03,694.35,692.32,692.83,4039876
1770908400,692.84,693.63,692.16,693.38,2745477
1770909300,693.37,693.73,692.51,693.065,2128757
1770910200,693.08,693.48,690.32,690.38,3481093
1770911100,690.37,690.9,688.585,688.65,3582765
1770912000,688.66,688.805,686.04,686.32,6378451
1770912900,686.3187,686.47,683.575,683.595,7433686
1770913800,683.6,685.84,683.525,684.92,5451262
1770914700,684.92,685.36,683.89,684.64,3296861
1770915600,684.63,685.1,683.38,683.84,3218104
1770916500,683.8,685.27,683.46,684.12,3030498
1770917400,684.1,685.575,683.88,685.11,2136074
1770918300,685.11,685.399,682.95,682.99,1921664
1770919200,682.99,684.12,682.48,683.3,2018973
1770920100,683.29,683.765,682.22,683.17,2960661
1770921000,683.165,684.93,682.8,684.86,2596409
1770921900,684.855,685.325,684.295,684.71,2315025
1770922800,684.7,685.13,683.595,684.15,2339660
1770923700,684.15,685.42,684.01,684.15,2115967
1770924600,684.13,685.54,684.12,685.01,2150974
1770925500,685.01,685.965,684.81,685.16,2718172
1770926400,685.18,685.54,684.2,684.85,2187954
1770927300,684.845,684.88,683.11,683.22,3093342
1770928200,683.2,683.4,682.425,682.66,3900190
1770929100,682.66,682.75,680.37,681.29,12204967
1770993000,681.68,682.51,677.52,680.46,7578365
1770993900,680.465,683.32,679.56,679.93,4989108
1770994800,679.91,682.9,679.7768,681.3,3484455
1770995700,681.34,683.37,680.46,682.94,3107533
1770996600,682.94,684.57,681.55,681.65,3582881
1770997500,681.67,683.2,680.79,682.5202,3026225
1770998400,682.52,684.22,682.48,683.43,2210257
1770999300,683.44,684.16,681.83,683.82,2188184
1771000200,683.81,684.6165,682.87,684.54,2020664
1771001100,684.53,685.51,684.21,684.75,1805206
1771002000,684.75,686.05,684.48,685.96,1517351
1771002900,685.96,686.03,684.825,685.365,1657708
1771003800,685.38,686.28,685.26,685.69,1495222
1771004700,685.68,686.05,684.86,685.1,1464316
1771005600,685.11,685.48,684.09,685.27,1810413
1771006500,685.27,686.26,684.95,685.39,2016955
1771007400,685.39,686.06,684.86,684.98,1202612
1771008300,684.99,685.71,684.37,684.66,1376247
1771009200,684.67,685.35,684.44,684.98,1496976
1771010100,684.98,685.365,684.1,684.34,1478983
1771011000,684.35,684.93,683.28,683.66,1790233
1771011900,683.65,684.25,682.24,682.4,2119960
1771012800,682.4,683.26,682.1057,682.13,2761409
1771013700,682.13,682.63,680.34,680.63,2822090
1771014600,680.64,681.2307,679.81,680.17,3460540
1771015500,680.18,681.84,680.09,681.63,8228379
1771338600,680.12,682.8,680.03,680.73,5754844
1771339500,680.74,681.3,676.46,676.63,5309039
1771340400,676.62,678.56,676.27,676.92,3210882
1771341300,676.915,679.75,676.82,677.34,3185143
1771342200,677.33,677.66,675.78,676.645,2982176
1771343100,676.66,678.64,676.52,678.61,2735294
1771344000,678.6,682.58,678.45,682.335,4469313
1771344900,682.32,683.24,681.515,681.6,3676634
1771345800,681.575,682.84,680.81,681.8,2440472
1771346700,681.79,683.03,681.52,682.46,1816374
1771347600,682.42,682.54,680.86,681.25,1438369
1771348500,681.25,682.205,680.4313,682.2,1539253
1771349400,682.21,682.32,680.0125,680.04,1304872
1771350300,680.03,681.17,679.15,681.0103,2094094
1771351200,681.02,681.18,679.83,680.325,1074664
1771352100,680.33,682.54,679.9,682.39,1639554
1771353000,682.4,684.075,682.03,683.57,1987376
1771353900,683.58,684.715,683.435,684.075,1800201
1771354800,684.08,684.51,683.58,684.175,1401432
1771355700,684.17,684.62,683.79,683.99,1276967
1771356600,683.97,684.94,683.8,684.72,1268401
1771357500,684.72,684.75,683.41,683.57,1379717
1771358400,683.57,684.1,683.16,683.49,1734446
1771359300,683.5,683.74,682.67,682.87,1955757
1771360200,682.88,683.29,682.005,682.98,2996804
1771361100,682.98,683.2,681.93,682.78,5918809
1771425000,684.01,685.46,682.83,685,4933695
1771425900,685.01,686.38,683.56,686.16,3219655
1771426800,686.16,688.13,686.085,687.785,4822003
1771427700,687.79,688.465,687.48,687.84,2604332
1771428600,687.84,688.52,687.29,688.3,1928645
1771429500,688.3,688.725,688,688.515,1219534
1771430400,688.52,688.96,688.24,688.435,1401906
1771431300,688.435,688.67,688.02,688.22,1134423
1771432200,688.22,688.76,688.14,688.33,885649
1771433100,688.31,688.5,687.4999,687.53,1224178
1771434000,687.53,688.89,687.38,688.2181,1865643
1771434900,688.205,688.66,688.09,688.2,890734
1771435800,688.19,688.42,687.89,688.03,791384
1771436700,688.03,688.8,687.95,688.501,888139
1771437600,688.5,689.15,688.375,688.4825,843914
1771438500,688.47,688.77,687.475,687.805,1371941
1771439400,687.81,688.02,686.63,687.08,1852205
1771440300,687.065,687.555,686.04,686.98,2018437
1771441200,686.99,687.39,686.39,686.43,1834919
1771442100,686.45,686.89,686.07,686.42,1918300
1771443000,686.43,686.63,684.85,685.17,2702629
1771443900,685.18,685.815,684.05,684.59,2235012
1771444800,684.6,685.36,684.11,684.41,2105687
1771445700,684.39,684.665,683.92,684.21,1905215
1771446600,684.21,685.885,684.12,685.6601,2804553
1771447500,685.67,687.18,685.47,686.26,8386769
1771511400,683.86,684.75,682.47,684.61,4549950
1771512300,684.62,685.82,683.25,685,3417097
1771513200,685,686.18,683.98,684.15,2678201
1771514100,684.17,685.32,683.81,683.9,2338156
1771515000,683.89,685.86,683.71,685.52,1540286
1771515900,685.53,685.8099,684.23,685.32,1357121
1771516800,685.32,685.6,683.9,684.905,1105866
1771517700,684.91,685.83,684.11,684.15,1305816
1771518600,684.16,685.27,683.56,683.63,1262894
1771519500,683.63,684.12,682.72,683.525,2028611
1771520400,683.535,683.705,682.7,683.55,1363008
1771521300,683.55,684.78,683.25,683.93,1358882
1771522200,683.915,684.26,683.45,683.77,719046
1771523100,683.77,683.825,682.13,682.44,1881102
1771524000,682.42,683.42,682.06,683.27,1349212
1771524900,683.26,683.29,681.5475,682.4,1538270
1771525800,682.34,682.81,682.01,682.7,992874
1771526700,682.68,683.88,682.67,683.74,1429743
1771527600,683.74,684.04,683.39,683.695,1152771
1771528500,683.69,684.0599,683,683.275,1172405
1771529400,683.25,683.565,681.88,682.4701,1796272
1771530300,682.48,682.9,682.09,682.56,1339919
1771531200,682.53,683.49,682.52,683.15,1495349
1771532100,683.18,683.36,682.65,682.9,1575351
1771533000,682.89,683.61,682.8001,683.325,2094369
1771533900,683.33,684.6,683.24,684.52,4727068
1771597800,682.32,685.35,681.73,684.74,3983046
1771598700,684.77,685.16,683.45,684.85,2569823
1771599600,684.89,689.4,684.55,685.42,6894907
1771600500,685.44,688.08,684.19,686.8,3316275
1771601400,686.8,688.18,685.51,688.05,2376405
1771602300,688.07,689.17,687.35,688.83,2852662
1771603200,688.82,689.24,687.95,688.05,1865052
1771604100,688.12,688.27,686.09,686.13,1977938
1771605000,686.13,688.88,685.89,688.46,2201515
1771605900,688.46,689.15,688.38,688.57,2049453
1771606800,688.57,688.87,686.085,686.11,1979976
1771607700,686.11,686.11,684.08,685.2292,2999951
1771608600,685.235,686.18,684.9701,686.0115,1864750
1771609500,686.03,687.71,685.75,687.48,2546494
1771610400,687.43,687.8,686.69,687.1,1484891
1771611300,687.09,687.17,685.7175,686.56,2056752
1771612200,686.54,689.02,685.76,688.7,5270542
1771613100,688.7,690.06,688.27,689.3,2946687
1771614000,689.3,689.79,688.42,688.52,1818366
1771614900,688.52,689,688.24,688.58,1471416
1771615800,688.58,689.12,687.96,688.04,1377835
1771616700,688.05,688.65,687.81,688.05,1394844
1771617600,688.06,689.32,688.005,689.12,1829525
1771618500,689.12,689.18,688.1,688.36,1673375
1771619400,688.36,689.08,688.27,689.0799,1933379
1771620300,689.07,689.5,688.35,689.36,6320731
1771857000,687.82,690,687.44,687.54,5717486
1771857900,687.55,688.14,686.3,686.53,4245008
1771858800,686.5,687.23,684.53,684.77,4173455
1771859700,684.76,685.56,684.2799,684.51,3193950
1771860600,684.5,685.005,683.41,683.68,3073186
1771861500,683.67,683.945,682.18,682.26,3375873
1771862400,682.27,682.51,680.58,680.7,3954048
1771863300,680.69,682.91,680.371,682.87,3457049
1771864200,682.88,683.085,682.21,682.395,2330026
1771865100,682.385,682.625,681.78,681.96,1683348
1771866000,681.97,682.47,681.59,681.77,1333123
1771866900,681.77,682.265,681.67,681.69,1027932
1771867800,681.7,681.74,680.59,681.16,1842037
1771868700,681.16,682.35,680.98,682.045,1584974
1771869600,682.04,683.19,681.94,683.08,1545382
1771870500,683.09,683.95,682.98,683.8099,1679931
1771871400,683.81,683.91,682.855,683.025,1448337
1771872300,683.03,683.4,681.87,682.01,1574120
1771873200,682.02,682.28,681.695,681.86,1899976
1771874100,681.86,682.085,681.17,681.27,1469289
1771875000,681.255,681.66,680.54,680.86,1554542
1771875900,680.86,681.53,680.77,681.06,1945196
1771876800,681.06,681.43,680.65,680.72,2141546
1771877700,680.72,681.52,680.715,681.35,1794756
1771878600,681.34,682.25,681.14,681.655,3130887
1771879500,681.655,682.47,680.9,682.41,9853792
1771943400,681.9,684.38,680,684.32,5364973
1771944300,684.34,685.46,682.8,683.15,4396930
1771945200,683.18,684.23,682.03,683.24,3123615
1771946100,683.21,686.39,683,686.335,3260171
1771947000,686.32,686.545,685.64,686.2701,2612419
1771947900,686.28,686.31,685.18,685.37,2119990
1771948800,685.37,686.87,685.2921,686.6,1809291
1771949700,686.59,686.745,685.785,686.09,1283858
1771950600,686.1,686.15,685.15,685.5806,1537711
1771951500,685.57,686.7,685.52,686.47,1306186
1771952400,686.46,687.55,686.4,687.25,1820940
1771953300,687.24,687.8,687.16,687.5301,1444227
1771954200,687.53,687.64,687.12,687.16,1159113
1771955100,687.16,687.66,686.962,687.37,926437
1771956000,687.36,688.1,687.31,687.4899,1032503
1771956900,687.475,687.51,686.94,687.03,862541
1771957800,687.04,687.83,686.905,687.73,1139683
1771958700,687.74,687.875,687.45,687.4599,867905
1771959600,687.45,687.6,686.7,687.18,1589000
1771960500,687.17,687.19,686.65,686.89,1628058
1771961400,686.89,687.34,686.78,687.18,988946
1771962300,687.2,687.69,687.005,687.135,1465857
1771963200,687.135,687.34,686.57,686.69,1259844
1771964100,686.685,687.1,686.46,686.54,1830412
1771965000,686.53,687.25,686.5101,687.21,1924461
1771965900,687.2,688.35,687.17,687.36,8571543
1772029800,690.19,691.41,690.1,690.92,3291494
1772030700,690.91,691.99,690.84,691.32,2736041
1772031600,691.32,691.58,690.325,690.4999,1950493
1772032500,690.49,691.22,690.25,691.15,1440420
1772033400,691.145,691.35,690.21,690.54,1289430
1772034300,690.55,690.88,690.1701,690.84,958483
1772035200,690.83,691.41,690.78,691.1459,1173150
1772036100,691.13,691.58,690.69,691.47,1218231
1772037000,691.48,691.98,691.4,691.895,1429933
1772037900,691.91,692.39,691.89,692.04,1408681
1772038800,692.04,692.33,691.8,692.3,970429
1772039700,692.3,692.35,691.94,691.97,937467
1772040600,691.97,692.46,691.84,692.32,1022402
1772041500,692.34,692.57,692.24,692.55,870229
1772042400,692.55,692.69,692.42,692.49,875927
1772043300,692.49,692.49,692.205,692.31,915187
1772044200,692.31,692.62,692.21,692.55,967288
1772045100,692.55,692.69,692.44,692.49,713555
1772046000,692.49,693.005,692.48,692.85,1623203
1772046900,692.86,693.08,692.765,692.87,1215640
1772047800,692.86,693.32,692.85,693.08,1271047
1772048700,693.085,693.28,693.05,693.085,1092594
1772049600,693.085,693.33,692.9701,693.075,1442476
1772050500,693.08,693.19,692.81,692.92,1830432
1772051400,692.92,693.27,692.74,693.09,2213881
1772052300,693.08,693.68,692.94,693.08,6296293
1772116200,693.28,693.32,690.9,691.45,4119988
1772117100,691.43,691.58,690.42,690.67,3040095
1772118000,690.68,691.03,688.5511,688.58,3377032
1772118900,688.57,688.59,684.74,685.69,6796841
1772119800,685.67,687.09,684.35,686.93,3906867
1772120700,686.94,688.18,686.65,687.71,2511967
1772121600,687.72,688.58,687.46,688.58,1741335
1772122500,688.585,689.1,688.136,688.74,1584337
1772123400,688.74,688.92,686.84,686.84,1565869
1772124300,686.84,687.51,686.035,686.25,1836421
1772125200,686.24,687.06,686.06,686.26,1485638
1772126100,686.26,686.54,686.03,686.285,872321
1772127000,686.25,687.09,685.6,685.65,1123983
1772127900,685.64,685.92,685.01,685.46,1152257
1772128800,685.47,685.56,684.73,685.33,1433971
1772129700,685.31,685.955,684.93,685.67,1072299
1772130600,685.66,687.78,685.41,687.5201,2606274
1772131500,687.53,688.19,687.08,687.39,1389456
1772132400,687.41,688.79,687.16,688.52,1626989
1772133300,688.52,689.32,688.45,688.61,2017487
1772134200,688.62,689.31,688.47,689.15,1389674
1772135100,689.145,689.66,689.005,689.02,1461182
1772136000,689.01,689.81,688.84,688.91,1762667
1772136900,688.9,689.24,688.615,688.665,1397630
1772137800,688.665,689.5167,688.62,689.32,2528151
1772138700,689.32,689.37,688.65,689.32,4471518
1772202600,683.06,684.25,681.64,682.62,4787950
1772203500,682.615,683.855,682.21,682.8664,3405512
1772204400,682.86,685.49,682.66,684.58,3819256
1772205300,684.585,684.99,683.6,684.5294,2030000
1772206200,684.51,685.75,683.74,685.66,1602536
1772207100,685.68,686.05,684.23,685.22,1639482
1772208000,685.24,685.925,684.66,685.4993,1690199
1772208900,685.5,686.05,685.15,685.385,1421527
1772209800,685.39,686.2899,684.67,684.73,1604125
1772210700,684.74,685.92,684.565,684.87,1384752
1772211600,684.86,686.28,684.79,684.8647,1475495
1772212500,684.88,684.905,683.29,684.14,2053353
1772213400,684.13,685.12,683.65,683.935,2074933
1772214300,683.94,684.47,683.4755,684.375,1388440
1772215200,684.37,684.68,683.82,683.865,1110742
1772216100,683.875,684.0127,683.06,683.8,1425016
1772217000,683.8,684.24,683.3,683.85,1134875
1772217900,683.83,684.07,683.47,683.95,1082047
1772218800,683.95,684.98,683.59,683.89,1747402
1772219700,683.894,684.12,683.48,683.6,1145763
1772220600,683.6,684.03,682.99,683.38,1591486
1772221500,683.37,683.65,683.115,683.35,1386428
1772222400,683.34,685.22,683.32,685.22,2415224
1772223300,685.22,686.1,685.12,685.5901,3388911
1772224200,685.58,685.815,684.49,685.03,5014811
1772225100,685.03,686.86,684.93,686.22,9105320
1772461800,678.7,682.46,678.02,682.08,5827902
1772462700,682.07,683.37,681.7514,683,3742409
1772463600,682.95,685.325,681.96,684.9197,4468911
1772464500,684.935,685.36,683.07,683.43,3404595
1772465400,683.42,684.33,682.42,684.3,2438278
1772466300,684.33,684.84,683.16,684.21,1952658
1772467200,684.19,685.67,683.63,685.3,2577065
1772468100,685.3,685.34,682.95,683.22,2375387
1772469000,683.22,686.525,682.92,686.44,2671561
1772469900,686.45,686.97,685.91,686.235,2311969
1772470800,686.24,686.62,685.71,686.365,1467771
1772471700,686.37,687.19,686.325,686.4837,1514128
1772472600,686.48,686.88,686.08,686.69,1049156
1772473500,686.7,687.31,686.555,687.2199,1191404
1772474400,687.22,687.42,686.83,687.01,892937
1772475300,686.99,687.02,686.1002,686.72,931446
1772476200,686.75,686.84,685.785,686.25,1117270
1772477100,686.22,686.235,685.225,685.28,1243131
1772478000,685.27,686.99,685.19,686.93,1629261
1772478900,686.93,688.28,686.93,688.2,2258361
1772479800,688.21,688.62,687.97,688.06,1855649
1772480700,688.06,688.53,688.04,688.195,1040962
1772481600,688.19,688.33,685.12,685.26,4895591
1772482500,685.26,686.58,684.89,685.35,3897612
1772483400,685.35,686.41,685.2,686.23,2165307
1772484300,686.22,687.31,685.965,686.37,8131729
1772548200,675.05,677.1,673.22,673.44,7956664
1772549100,673.44,674.8,671.95,672.38,5631460
1772550000,672.36,673.93,671.63,672.64,5228797
1772550900,672.62,672.95,669.66,669.85,5509223
1772551800,669.85,672.5,669.78,671.23,4401727
1772552700,671.23,672.17,670.34,671.98,3337803
1772553600,671.96,675.28,671.75,675.03,3931362
1772554500,675.03,676.58,674.98,676.02,3409087
1772555400,676,676.85,674.66,676.68,2593699
1772556300,676.69,678.45,676.6306,677.56,3194552
1772557200,677.57,677.92,676.37,677.11,1848977
1772558100,677.13,678.49,676.65,678.32,1519928
1772559000,678.32,678.41,676.08,678.29,1852390
1772559900,678.26,678.474,676.88,677.42,1534379
1772560800,677.39,678.91,677.38,678.07,1366879
1772561700,678.0901,680.43,678.04,679.82,2092702
1772562600,679.82,681.87,679.67,681.085,2678463
1772563500,681.1,681.91,680.45,681.26,1924137
1772564400,681.24,681.47,679.665,680.58,2278948
1772565300,680.59,681.52,680.4,680.5,1263490
1772566200,680.5,682,679.275,681.94,3234612
1772567100,681.955,682.61,680.67,681.233,2662665
1772568000,681.25,681.95,680.73,680.745,1896929
1772568900,680.72,681.305,680.16,681.05,2502806
1772569800,681.04,681.51,680.2,680.45,2457929
1772570700,680.44,680.77,679.21,680.27,5425639
1772634600,681.63,683.518,680.02,680.21,4367885
1772635500,680.2,681.7475,679.62,681.303,2118617
1772636400,681.41,683.76,680.87,683.21,2768428
1772637300,683.27,686.27,683.15,686.15,3893996
1772638200,686.14,686.31,684.35,684.47,3292158
1772639100,684.48,685.9,683.88,685.83,2496457
1772640000,685.84,686.64,684.33,684.54,3319034
1772640900,684.56,685.45,684.18,685.19,2319479
1772641800,685.18,686.3,684.85,686.13,2084550
1772642700,686.14,686.4,685.58,685.78,1927011
1772643600,685.795,686.36,685.53,686.04,1302764
1772644500,686.04,686.14,685.31,685.325,1402496
1772645400,685.35,686.22,684.58,685.81,1730686
1772646300,685.79,686.42,685.76,686.19,1115540
1772647200,686.2,686.49,685.775,685.935,1456624
1772648100,685.93,686.16,685.38,686.105,1293461
1772649000,686.11,686.79,686.1,686.54,1332212
1772649900,686.55,686.87,686.2,686.545,1292341
1772650800,686.55,686.95,686.39,686.835,1052722
1772651700,686.84,686.96,686.4701,686.6,963828
1772652600,686.61,686.94,686.445,686.68,1227463
1772653500,686.69,687.09,686.5,686.81,1181905
1772654400,686.815,687.005,686.075,686.2,1515249
1772655300,686.2,686.3,685.475,686.23,2145925
1772656200,686.24,686.63,685.93,686.505,1993511
1772657100,686.5,686.62,685.13,685.16,6786483
1772721000,682.07,684.45,681.85,682.71,4200779
1772721900,682.71,685.1012,682.16,685.1,3039858
1772722800,685.09,685.53,682.895,684.2889,3496441
1772723700,684.3,684.35,680.33,680.82,3512883
1772724600,680.83,681.81,679.32,681.23,3983577
1772725500,681.21,682.58,681.12,682.1,2198979
1772726400,682.11,682.36,679.15,679.81,3099896
1772727300,679.8,680.31,679.01,679.535,2977339
1772728200,679.53,681.04,679.46,680.22,3032706
1772729100,680.24,681.35,680.215,681.06,2087826
1772730000,681.055,682.42,680.17,680.55,2461675
1772730900,680.54,680.58,678.49,678.51,2386160
1772731800,678.51,678.805,676.95,677.26,3823417
1772732700,677.25,677.37,676.03,676.46,3093339
1772733600,676.45,678.26,676.31,678.02,2426104
1772734500,678.01,678.225,675.9,676.3,1976050
1772735400,676.28,677.96,675.82,677.79,1839192
1772736300,677.79,677.85,675.94,676.62,1666361
1772737200,676.6,677.45,676.38,677.34,1784084
1772738100,677.32,677.79,676.29,676.67,1674213
1772739000,676.67,677.05,675.61,677.0385,2170278
1772739900,677.01,677.73,676.45,677.09,1646747
1772740800,677.07,679.09,676.39,678.815,3707059
1772741700,678.83,680.46,678.39,679.46,3804455
1772742600,679.47,680.48,679.17,679.98,2570804
1772743500,679.98,681.75,679.41,681.44,11516195
1772807400,673.39,674.06,670.4,670.98,6813446
1772808300,671,672.13,669.76,670.87,4829784
1772809200,670.91,673.3,670.791,673.23,4111381
1772810100,673.19,674.36,672.62,674.17,2976014
1772811000,674.13,675.915,674.12,674.72,3341210
1772811900,674.7,675.4,672.46,674.92,2746981
1772812800,674.96,676.01,674.065,674.19,2300357
1772813700,674.18,675.08,673.435,674.42,2029078
1772814600,674.43,675.23,673.4,674.51,1698349
1772815500,674.5,676,674.15,674.97,1877154
1772816400,674.98,675.84,673.64,673.97,1658817
1772817300,673.95,675.17,673.35,673.81,1616040
1772818200,673.8,674.16,672.03,672.6299,2105474
1772819100,672.62,673.97,672.6,673.08,1566948
1772820000,673.09,676.11,672.97,675.83,2309012
1772820900,675.83,676.1,674.245,674.64,2070465
1772821800,674.67,675.3,673.97,674.62,1503001
1772822700,674.65,674.79,673.69,674.04,1298229
1772823600,674.07,675.43,673.78,675.17,1388842
1772824500,675.16,675.29,673.95,674.92,1662858
1772825400,674.91,675.64,674.24,674.655,1636135
1772826300,674.65,675.14,674.18,675.01,1965751
1772827200,675,675.97,673.46,673.94,2804364
1772828100,673.95,674.44,671.98,672.23,3685253
1772829000,672.23,673.4,671.14,672.51,4654312
1772829900,672.5,673.23,671.76,672.46,9961691
1773063000,666.39,667.63,663.64,664.37,5513586
1773063900,664.38,664.91,662.7,664.08,4139296
1773064800,664.05,665.96,662.39,663.13,4257878
1773065700,663.15,665.66,662.84,664.06,2965279
1773066600,664.03,666.92,663.98,666.9,2648808
1773067500,666.91,668.31,666.7,667.58,2844881
1773068400,667.58,668.8399,667.58,668.77,2143682
1773069300,668.78,669.92,668.35,669.77,2850063
1773070200,669.77,669.81,668.37,668.51,2078661
1773071100,668.5,669.89,668.38,669.44,1888367
1773072000,669.46,670.26,669.1699,669.89,1641855
1773072900,669.89,671.6,669.25,670.87,2445678
1773073800,670.87,671.94,669.89,671.85,2264659
1773074700,671.8415,672.25,671.19,671.2699,1888772
1773075600,671.275,671.36,670.315,670.65,1795698
1773076500,670.645,670.79,668.71,668.845,2104014
1773077400,668.84,669.12,668.09,668.22,1933500
1773078300,668.24,669.34,668.19,668.815,1585614
1773079200,668.84,669.79,668.77,669.55,1955600
1773080100,669.55,670.87,669.35,670.06,1988830
1773081000,670.06,671.3,670,670.8599,2067037
1773081900,670.85,671.24,669.9378,670.08,1517210
1773082800,670.1,670.75,669.9,670.45,1528295
1773083700,670.45,677.515,670.32,677.39,9312196
1773084600,677.37,679.92,675.88,677.875,6553718
1773085500,677.89,678.76,676.77,678.31,7592443
1773149400,677.71,678.785,675.83,677.18,4111477
1773150300,677.17,677.53,675.49,675.85,2238848
1773151200,675.83,677.03,674.76,675.53,2109707
1773152100,675.53,678.05,674.82,677.62,1980241
1773153000,677.64,680.25,677.63,680.03,2204529
1773153900,680.04,681.16,679.56,681.14,2323966
1773154800,681.13,681.685,680.23,680.4,2501237
1773155700,680.4,681.58,680.37,681.11,1439168
1773156600,681.1,681.9499,680.44,681.49,1518332
1773157500,681.49,681.72,680.83,681.37,1426189
1773158400,681.36,681.4,679.68,680.5,1674045
1773159300,680.495,681.34,680.26,680.6,1742499
1773160200,680.61,681.66,680.61,681.54,1936251
1773161100,681.55,681.82,680.62,681.45,1480284
1773162000,681.45,682.35,681.27,681.8101,2110622
1773162900,681.83,683.36,681.76,683.265,2311483
1773163800,683.25,683.25,680.63,681.29,3000171
1773164700,681.2822,682.59,681.18,682.047,1517251
1773165600,682.05,682.19,678.6,678.61,3174017
1773166500,678.65,680.15,677.38,679.35,6199195
1773167400,679.315,680.37,678.38,678.73,2454308
1773168300,678.72,679.8,678.4,678.5,1311280
1773169200,678.52,679.0475,678.06,678.94,1842419
1773170100,678.945,679.53,677.41,677.41,2251439
1773171000,677.42,678.32,676.61,677.455,3948637
1773171900,677.45,677.77,676.23,677.07,5170611
1773235800,677.54,678.5,677.17,677.35,2866516
1773236700,677.36,678.17,676.13,677.89,2627686
1773237600,677.9,680.08,677.02,678.0401,3938403
1773238500,678.03,678.26,675.195,676.14,2082426
1773239400,676.14,677.65,675.2,677.345,1870437
1773240300,677.35,678.38,676.99,678.07,1137443
1773241200,678.08,678.64,675.28,675.8,1931317
1773242100,675.785,676.53,674.59,674.67,2336895
1773243000,674.68,675.29,674.1,674.245,1764750
1773243900,674.26,675.04,673.64,674.2018,1666556
1773244800,674.19,674.4,673.51,674.37,1495195
1773245700,674.34,674.74,673.73,674.705,1212016
1773246600,674.7,676.0175,674.65,675.48,1481607
1773247500,675.48,676.32,675.15,676.29,969553
1773248400,676.24,676.56,675.54,675.7678,1084404
1773249300,675.76,676.77,675.33,676.46,989042
1773250200,676.46,676.6399,673.34,674.53,3077261
1773251100,674.54,675.78,674.23,674.99,1469928
1773252000,674.99,675.23,673.7,674.34,1750439
1773252900,674.36,675.51,674.2,675.27,1394369
1773253800,675.27,675.57,674.79,675.0588,2205522
1773254700,675.07,675.79,674.76,675.25,1146041
1773255600,675.26,675.47,674.34,674.49,1340103
1773256500,674.485,675.26,674.32,674.975,1674089
1773257400,674.99,676.25,674.75,676.0761,1938567
1773258300,676.07,676.6,675.41,676.35,4044666
1773322200,671.13,671.65,669.88,670.29,5107276
1773323100,670.28,670.91,668.183,668.87,4980907
1773324000,668.87,671.14,668.81,670.97,3558692
1773324900,670.99,671.2,668.05,668.06,2915041
1773325800,668.06,669.12,667.3,668.955,3444438
1773326700,668.93,670.551,668.08,668.5,3740088
1773327600,668.51,668.8,666.92,667.38,2671084
1773328500,667.38,668.75,667.06,668.18,2565121
1773329400,668.18,670.31,667.24,669.8,4445644
1773330300,669.82,670.02,668.47,669.2999,2825737
1773331200,669.31,670.31,667.67,668.92,2628659
1773332100,668.89,671.31,668.66,668.84,3666025
1773333000,668.77,670.29,668.34,669.691,2458121
1773333900,669.67,669.79,668.04,668.83,1686103
1773334800,668.82,670.3099,668.6199,668.6986,1606711
1773335700,668.69,669.38,667.99,668.56,1694424
1773336600,668.56,669.75,668.4504,668.54,1758413
1773337500,668.54,668.81,667.2701,668.1601,2649847
1773338400,668.17,669.16,668.17,668.9198,2019587
1773339300,668.92,669.22,667.6901,668.19,2165173
1773340200,668.18,668.48,667.48,667.6984,1998659
1773341100,667.68,668.18,667.2,667.329,2018885
1773342000,667.32,668.05,666.87,667.525,2976807
1773342900,667.54,668.39,667.3,667.98,2796586
1773343800,667.99,668.65,667.04,667.18,3128015
1773344700,667.175,667.22,665.9027,666.05,7941429
1773408600,669.28,671.97,668.96,671.94,4751685
1773409500,671.92,672.335,670.37,670.53,4047828
1773410400,670.54,671.25,668.78,668.86,2623214
1773411300,668.85,669.27,667.73,668.8401,2800256
1773412200,668.87,670.23,667.22,667.29,2225428
1773413100,667.29,667.6,664.99,665.33,3707680
1773414000,665.34,666.94,664.53,666.85,3386547
1773414900,666.85,666.9,664.43,664.59,2607626
1773415800,664.57,665.33,663.35,663.69,2750504
1773416700,663.645,665.16,663.1,663.38,3095474
1773417600,663.36,664.965,663.34,663.97,2099726
1773418500,663.98,664.6,663.46,664.32,1769017
1773419400,664.31,665.23,663.72,663.75,2066544
1773420300,663.74,664.97,663.135,663.335,2219866
1773421200,663.32,664.72,663.13,664.72,1717449
1773422100,664.75,665.08,663.79,664.37,1351517
1773423000,664.35,664.52,663.44,663.94,1474474
1773423900,663.94,664.17,662.08,662.63,2500853
1773424800,662.64,663.52,662.57,663.38,1927197
1773425700,663.37,663.73,662.45,663.34,1525686
1773426600,663.33,664.56,663.1,664.43,1499806
1773427500,664.41,664.81,663.94,664.18,1475436
1773428400,664.18,664.2,663.255,663.535,2067066
1773429300,663.54,663.91,662.16,662.37,2621244
1773430200,662.37,663,661.36,661.69,2593002
1773431100,661.69,662.495,661.4,662.3,6474227
1773667800,668.34,669.76,667.69,669.64,4295561
1773668700,669.63,670.9,669.47,670.8,3699623
1773669600,670.8,671.4,669.99,670.64,2587673
1773670500,670.65,671.35,670.25,670.27,2143508
1773671400,670.27,670.35,668.05,668.22,3220071
1773672300,668.21,669.83,667.575,669.83,2485335
1773673200,669.84,669.87,668.62,669.3901,1538469
1773674100,669.38,670.32,668.82,670.06,1437472
1773675000,670.04,670.64,669.74,669.87,1471305
1773675900,669.86,670.29,668.44,668.47,1633228
1773676800,668.47,669.19,668.18,668.8707,1592146
1773677700,668.86,669.1,667.15,667.45,2403072
1773678600,667.42,668.89,667.12,668.64,1454001
1773679500,668.65,669.074,668.25,668.425,1029618
1773680400,668.43,669.64,668.406,669.35,1562064
1773681300,669.36,669.75,668.88,669.2,1286600
1773682200,669.2,669.56,668.61,668.66,901934
1773683100,668.66,669.2,667.98,668.755,1220024
1773684000,668.76,669.77,668.66,669.55,1841741
1773684900,669.54,670.08,669.47,669.8,1531565
1773685800,669.8,670.24,669.5901,670.18,1442467
1773686700,670.2,670.31,669.49,669.605,1797516
1773687600,669.605,672.07,669.24,669.85,3347068
1773688500,669.835,670.3,668.69,669.27,3568261
1773689400,669.27,669.43,668.42,668.6003,2937731
1773690300,668.59,669.23,668.42,668.96,6122221
1773754200,672.35,673.97,671.91,673.51,4098122
1773755100,673.5,674.44,673.37,673.89,2902571
1773756000,673.88,673.91,672.285,672.3,2782528
1773756900,672.3,672.92,671.56,672.56,2471450
1773757800,672.57,673.38,672.14,673.28,1721769
1773758700,673.28,673.47,672.9,673.03,1221530
1773759600,673.02,673.27,671.66,671.93,2333693
1773760500,671.92,672.69,671.6,671.635,1720698
1773761400,671.63,672.19,670.3,671.21,2534750
1773762300,671.2,671.65,670.83,671.01,1427858
1773763200,671.02,671.4,669.7,670.71,2234005
1773764100,670.725,671.59,670.56,671.21,1113809
1773765000,671.2,671.55,670.72,671.545,1148435
1773765900,671.54,671.64,670.91,670.95,1174167
1773766800,670.94,671.94,670.93,671.59,1315435
1773767700,671.58,671.705,671.12,671.53,996445
1773768600,671.53,671.975,671.19,671.29,922593
1773769500,671.33,671.9512,671.03,671.7,1481776
1773770400,671.7,672.3,671.41,671.86,1600538
1773771300,671.87,671.9863,670.86,670.9,1461596
1773772200,670.9,671.2,670.74,670.86,1516831
1773773100,670.86,671.44,670.83,671.0899,1374704
1773774000,671.09,671.34,670.59,671.19,1713138
1773774900,671.195,671.605,670.97,671.04,1825757
1773775800,671.04,671.28,670.75,670.86,1926254
1773776700,670.87,671.28,670.47,670.73,5660379
1773840600,668.33,669.56,667.88,668.7301,4433938
1773841500,668.72,669.72,668.35,669.28,2444091
1773842400,669.28,669.41,667.16,667.16,2345497
1773843300,667.16,667.84,665.72,665.96,2334971
1773844200,665.97,666.94,665.73,665.94,2059366
1773845100,665.91,667.155,665.66,667.14,1737690
1773846000,667.13,668,666.74,667.51,1932903
1773846900,667.51,667.725,666.4,666.9342,1322443
1773847800,666.91,667.62,666.72,667.13,1226283
1773848700,667.13,667.465,666.67,667.04,1140877
1773849600,667.03,667.4101,666.4918,667.3,1047707
1773850500,667.31,667.58,666.808,667.07,812270
1773851400,667.07,667.296,665.83,666.5,1281947
1773852300,666.49,667.2,666.24,666.55,823545
1773853200,666.54,666.63,665.43,665.65,1285278
1773854100,665.64,666.13,665.46,665.84,1177669
1773855000,665.84,666.53,665.29,665.92,1586253
1773855900,665.92,666.87,665.84,666.72,1261163
1773856800,666.71,667.44,666.195,666.56,1946857
1773857700,666.55,666.57,665.38,666.12,1813049
1773858600,666.11,666.3,664.41,664.99,3273405
1773859500,664.96,665.08,663.32,663.41,2968646
1773860400,663.4,664.72,663.26,663.95,2948426
1773861300,663.94,664.03,662.68,662.91,3274662
1773862200,662.9,663.2192,661.77,662.015,4203132
1773863100,662.01,662.37,661.19,661.51,8499544
1773927000,656.97,657.65,655.17,657.34,7586098
1773927900,657.33,658.96,656.56,658.66,3929204
1773928800,658.64,659.47,657.97,658.11,2777356
1773929700,658.1,658.3636,656.04,656.33,2775087
1773930600,656.34,659.064,656.26,657.435,2651790
1773931500,657.48,658.43,657.08,657.7985,1987751
1773932400,657.79,659.71,657.51,659.3593,2348452
1773933300,659.36,659.6499,657.21,657.72,2692287
1773934200,657.72,657.83,656.36,656.51,2683717
1773935100,656.51,657.95,656.18,657.925,2911263
1773936000,657.91,659.04,657.43,657.815,2598675
1773936900,657.83,658.14,657.12,657.95,1824952
1773937800,657.98,658.71,657.27,658.19,1839673
1773938700,658.2,658.32,656.61,657.168,1677943
1773939600,657.16,657.355,655.61,655.82,1800776
1773940500,655.815,657.55,655.68,657.12,1897264
1773941400,657.1,657.49,656.16,656.54,1314082
1773942300,656.555,657.88,656.34,657.24,1257544
1773943200,657.23,658.62,656.63,658.35,2528647
1773944100,658.36,658.53,657.1699,657.175,1603724
1773945000,657.18,657.38,656.32,656.48,1749349
1773945900,656.49,658.81,656.33,658.45,2782669
1773946800,658.44,662.98,658.39,661.85,9713555
1773947700,661.87,662.3,659.66,660.25,4468552
1773948600,660.24,660.74,658.97,660.27,3973690
1773949500,660.26,660.49,659.53,659.735,6342171
1774013400,656.51,656.55,654.65,656.2599,5162788
1774014300,656.25,656.69,653,653.15,4490385
1774015200,653.17,653.8111,651.48,651.77,4312492
1774016100,651.75,652.55,651.6,651.86,2773647
1774017000,651.86,653.5,651.85,652.37,2754624
1774017900,652.37,652.925,651.2,652.12,2588505
1774018800,652.11,653.2599,651.68,653.12,2444407
1774019700,653.13,654.16,651.5,651.92,2870393
1774020600,651.94,652.85,651.73,652.6199,1488536
1774021500,652.59,653.26,652.02,652.945,1560899
1774022400,652.97,653.87,652.78,653.35,2019946
1774023300,653.35,653.99,652.83,653.1,1632416
1774024200,653.1,653.12,651.96,652.51,1770515
1774025100,652.5,653.4,651.95,652.77,1555799
1774026000,652.76,653.25,651.75,652.32,2263651
1774026900,652.35,652.73,651.98,652.16,1288683
1774027800,652.19,652.37,650.68,651.135,2222966
1774028700,651.14,651.69,650.55,651.4,2159960
1774029600,651.41,651.695,650.31,650.59,2891089
1774030500,650.6,650.73,648.66,649.43,5237675
1774031400,649.43,649.655,647.92,648.16,3667837
1774032300,648.16,648.43,647.64,648.07,4191334
1774033200,648.08,648.645,647.305,647.76,4295928
1774034100,647.7572,648.04,646.78,647.12,4464429
1774035000,647.13,647.4,644.72,646.92,7855315
1774035900,646.92,648.54,645.81,648.54,14697420
1774272600,658.04,659.54,656.07,657.995,8264054
1774273500,658.01,660.25,657.39,660.22,5339498
1774274400,660.2,660.78,658.58,660.14,4782260
1774275300,660.15,662.27,660.09,660.99,4360487
1774276200,660.98,661.4,660.1,660.39,2324463
1774277100,660.42,661.8,659.95,661.05,1928577
1774278000,661.07,662.615,660.84,662.02,3693494
1774278900,662.02,662.19,660.7,660.89,2353172
1774279800,660.9,661.33,658.83,659.23,3568508
1774280700,659.23,659.275,655.83,656.01,6257224
1774281600,655.99,657.63,655.95,657.1,3971371
1774282500,657.07,657.23,653.94,654.1088,3169698
1774283400,654.12,656.23,653.99,656.06,2955321
1774284300,656.05,656.74,655.085,655.58,1748367
1774285200,655.6,656.25,654.88,655.3401,1441693
1774286100,655.34,655.63,654.31,655.28,1563728
1774287000,655.28,658.24,655.26,656.78,3555098
1774287900,656.8,658.25,656.29,658.06,1387482
1774288800,658.09,658.31,656.53,657.64,2972851
1774289700,657.62,657.9,657.06,657.39,1648595
1774290600,657.41,659.65,657.41,658.77,3965181
1774291500,658.77,659.27,658.53,658.95,1679794
1774292400,658.95,659.02,658.1,658.13,1593691
1774293300,658.135,658.355,657.03,657.33,2443438
1774294200,657.32,657.93,657.17,657.92,2369521
1774295100,657.92,658.35,655.37,655.375,8611164
1774359000,651.32,653.04,649.88,650.73,4766107
1774359900,650.76,651.637,649.89,651.48,2650849
1774360800,651.48,653.5857,651.2262,652.61,3230612
1774361700,652.605,653.41,651.7,652.49,2546889
1774362600,652.51,653.77,652.2,653.744,2244405
1774363500,653.75,655.94,651.22,653.94,6611689
1774364400,653.98,655.54,653.92,655.25,2559806
1774365300,655.25,656.83,655.11,656.04,2630745
1774366200,656.06,656.54,655.29,656.24,1135423
1774367100,656.23,657.03,654.91,655.04,2127415
1774368000,655.05,655.2893,654.3,655,1983059
1774368900,654.99,656.25,654.89,655.96,1580891
1774369800,655.97,656.12,654.04,655.25,1561242
1774370700,655.27,655.77,654.43,655.15,1203826
1774371600,655.13,655.39,652.55,652.94,3103683
1774372500,652.93,653.515,652.62,653.405,1616160
1774373400,653.4,654.05,652.45,652.59,1715876
1774374300,652.61,654.34,652.38,654.3,2853535
1774375200,654.3,654.98,653.59,653.82,1891762
1774376100,653.85,654.87,653.2,654.59,2069073
1774377000,654.59,656.59,654.28,655.32,3223704
1774377900,655.33,655.77,654.44,654.86,1978239
1774378800,654.83,655.68,654.8,655.65,1631522
1774379700,655.66,655.69,654.31,654.45,2057348
1774380600,654.45,654.775,653.58,653.82,2871660
1774381500,653.82,653.83,652.56,653.2,5172018
1774445400,658.68,660.89,658.6,658.9,5299402
1774446300,658.91,659.18,656.42,656.49,4441798
1774447200,656.56,658.12,655.67,658.06,4136270
1774448100,658.06,660.5,657.17,658.14,3733869
1774449000,658.16,659.03,657.65,658.435,2447559
1774449900,658.44,659.25,658.38,658.69,2044486
1774450800,658.69,659.0078,656.47,656.57,2736040
1774451700,656.56,657.8725,654.24,657.84,5954170
1774452600,657.85,658.24,656.12,656.68,2680675
1774453500,656.68,657.41,656.27,657,1951117
1774454400,657,657.2,656.01,656.57,1638958
1774455300,656.56,658.07,656.125,657.5,2244834
1774456200,657.46,658.315,657.06,657.97,1923499
1774457100,657.97,658.16,657.1,657.75,1629242
1774458000,657.75,658.28,656.915,657.59,1895972
1774458900,657.59,658.32,656.92,658.02,1706179
1774459800,658.04,659.38,657.56,658.835,2133413
1774460700,658.835,658.86,657.33,657.9,2814251
1774461600,657.89,658.255,657.56,657.98,1429375
1774462500,657.98,658.52,657.41,657.515,1438201
1774463400,657.51,657.81,657.07,657.31,1614789
1774464300,657.31,657.36,655.64,656.5,2588540
1774465200,656.49,656.52,655.58,656.43,2403555
1774466100,656.4272,657.3201,656.4,656.51,2769810
1774467000,656.51,656.65,655.755,656.21,2413645
1774467900,656.21,657.06,655.97,656.74,5066150
1774531800,652.05,653.05,650.73,653,4836045
1774532700,653.02,654.63,652.78,654.47,5811264
1774533600,654.47,654.83,653.365,654.43,2744558
1774534500,654.43,654.84,653.58,653.62,1821980
1774535400,653.62,654.85,652.43,652.66,3098918
1774536300,652.66,653.17,650.82,652.21,4705556
1774537200,652.22,652.91,651.98,652.23,2572470
1774538100,652.26,652.44,651.58,651.71,1922165
1774539000,651.71,651.84,650.87,651.22,1622716
1774539900,651.24,652.35,651,651.52,2070508
1774540800,651.49,651.69,650.8503,651.34,1683090
1774541700,651.32,651.32,649.29,649.47,2511716
1774542600,649.4913,649.68,648.89,649.48,1849982
1774543500,649.5,649.72,648.93,649.64,1147358
1774544400,649.64,650.1,648.9,648.99,1107820
1774545300,648.985,649.3,647.98,648.62,1721162
1774546200,648.62,649.06,647.8,647.94,1258349
1774547100,647.95,648.09,646.44,646.67,2423860
1774548000,646.655,647.57,646.64,647.055,2456421
1774548900,647.06,647.25,646.49,646.6,1806583
1774549800,646.61,647.54,646.58,647.135,1957171
1774550700,647.13,647.65,646.86,647.43,1801674
1774551600,647.44,647.52,645.87,646.245,2852629
1774552500,646.26,646.71,645.85,646.21,2108416
1774553400,646.21,646.27,645.4,645.51,3118271
1774554300,645.5,645.865,644.82,645.095,7885860
1774618200,642.525,642.66,639.77,641.06,4828319
1774619100,641.06,642.46,638.594,639.05,3807173
1774620000,639.03,639.9801,638.66,639.71,3450802
1774620900,639.71,640.8,639.08,639.1,2460819
1774621800,639.1,640,638.715,639.091,1606241
1774622700,639.1,640.588,638.3,640.19,2431498
1774623600,640.19,641.27,639.595,639.76,2376605
1774624500,639.77,641.49,638.9401,640.96,3534498
1774625400,640.99,642.14,640.17,640.69,2462891
1774626300,640.69,641.415,640.11,640.28,1759938
1774627200,640.3,640.43,638.86,639.525,1805941
1774628100,639.52,639.59,638.58,638.89,2115622
1774629000,638.88,639.05,638.08,638.59,1974339
1774629900,638.6,639.63,638.45,638.7,1951647
1774630800,638.7,639.93,638.12,638.38,2993688
1774631700,638.41,638.45,636.59,636.62,2576329
1774632600,636.62,637.25,636.35,636.48,1953572
1774633500,636.48,636.835,635.94,636.13,2011686
1774634400,636.1398,636.305,635.13,635.51,2458161
1774635300,635.51,636.34,635.32,635.77,2487520
1774636200,635.765,636.73,635.46,635.96,2254755
1774637100,635.98,636.16,635.2,635.38,1870670
1774638000,635.38,635.68,634.52,635.05,2997375
1774638900,635.06,635.6099,634.69,634.859,3325916
1774639800,634.86,635.35,634.05,634.17,3870955
1774640700,634.15,635.15,633.105,634.08,10481740
1774877400,640.12,640.37,636.78,637.17,4804258
1774878300,637.16,637.4761,634.68,635.07,3779584
1774879200,635.055,636.81,635,636.51,3698535
1774880100,636.5,636.69,635.39,635.86,2479086
1774881000,635.85,636.54,634.76,634.95,3006764
1774881900,634.95,637.58,634.73,637.51,3733280
1774882800,637.51,638.8,636.41,636.52,2890400
1774883700,636.52,637.11,635.56,636.46,2188255
1774884600,636.45,638.16,636.04,637.99,2135627
1774885500,637.99,638.475,637.18,637.34,2000887
1774886400,637.34,637.46,636.08,636.72,1744290
1774887300,636.68,636.7293,635.165,635.26,1681971
1774888200,635.27,636.01,635.12,635.595,1332349
1774889100,635.6,635.77,634.985,635.3,1106652
1774890000,635.295,635.85,634.46,634.55,1715584
1774890900,634.54,634.738,633.24,633.4,2669745
1774891800,633.4,634.35,632.71,634.21,2906166
1774892700,634.215,634.63,633.2,633.57,2272688
1774893600,633.56,633.75,632.855,633.26,2384414
1774894500,633.24,633.67,632.26,632.28,2121067
1774895400,632.29,633.17,632.26,632.46,2352222
1774896300,632.48,632.74,631.45,631.75,2537323
1774897200,631.75,631.92,629.625,629.94,4097249
1774898100,629.9481,630.3525,629.28,629.58,3226968
1774899000,629.585,631.08,629.35,630.735,3525232
1774899900,630.7299,632.6402,630.67,632.02,7594287
1774963800,638.94,640.53,638.31,639.26,5470409
1774964700,639.29,642.71,639.28,642.63,4685401
1774965600,642.64,642.95,641.11,641.49,4142934
1774966500,641.5,642.7,640.89,642.5,2930099
1774967400,642.48,642.65,639.96,640.2516,3281102
1774968300,640.25,640.49,637.98,638.68,3757953
1774969200,638.69,642.04,638.67,641.945,3930863
1774970100,641.93,642.29,640.52,640.68,3251428
1774971000,640.68,641.29,639.92,640.76,2079626
1774971900,640.74,641.19,639.69,639.79,2159282
1774972800,639.79,641.67,639.52,641.27,2015468
1774973700,641.27,642.63,641.27,642.12,1924775
1774974600,642.11,649.46,641.65,647.09,9081388
1774975500,647.09,647.98,644.9,646.64,6819391
1774976400,646.66,648.55,645.44,647.49,3807363
1774977300,647.5,648.51,646.79,647,2556531
1774978200,647.03,648.41,646.2,646.71,4024062
1774979100,646.72,647.55,646.14,646.415,2356273
1774980000,646.41,647.93,646.39,647.49,2521875
1774980900,647.47,648.24,646.97,647.7,2399987
1774981800,647.71,648.66,647.2,647.975,2765673
1774982700,647.99,648.9,647.89,648.64,2203449
1774983600,648.64,649.23,648,649.07,3289729
1774984500,649.08,649.91,648.95,649.402,3693399
1774985400,649.42,650.61,649.35,650.178,4634921
1774986300,650.17,651.54,649.32,650.235,15309574
1775050200,653.88,656.05,653.36,653.97,8084936
1775051100,653.95,654.859,653,654.29,3982791
1775052000,654.3,655.28,653.89,654.59,3098994
1775052900,654.56,655.47,654.2399,655.03,2925272
1775053800,655.03,656.3,653.58,655.65,3659081
1775054700,655.64,656.85,655.02,656.5,2593505
1775055600,656.5,657.07,656.31,656.61,2383751
1775056500,656.62,657.03,656.33,656.33,1769892
1775057400,656.33,657.34,655.93,657.21,1957559
1775058300,657.22,658.095,657.02,657.82,2098052
1775059200,657.815,658.0896,657.44,657.56,1831781
1775060100,657.57,657.92,657.12,657.175,1590459
1775061000,657.185,657.92,656.84,657.87,1653116
1775061900,657.87,657.97,657.585,657.81,1105182
1775062800,657.82,658.495,657.7001,658.355,1346947
1775063700,658.36,658.52,658.14,658.3,1238282
1775064600,658.31,658.44,657.73,657.9,1398083
1775065500,657.9,658.027,656.77,656.79,1954360
1775066400,656.79,656.94,655.655,655.905,3210123
1775067300,655.9,655.9,653.83,654.23,3653347
1775068200,654.225,655.5,653.667,654.86,3406729
1775069100,654.86,654.98,654.13,654.41,2047277
1775070000,654.39,655.3643,654.255,655.19,2330465
1775070900,655.19,656.3401,654.97,656.1,2646135
1775071800,656.1,656.75,655.66,656.155,3046659
1775072700,656.15,656.34,654.72,655.17,7513984
1775136600,646.42,647.47,645.11,645.69,3973432
1775137500,645.71,649.89,645.43,649.63,3155805
1775138400,649.645,650.52,648.55,649.64,3333995
1775139300,649.62,651.1,649.520724,650.34,2444546
1775140200,650.35,658.2,650.1,656.05,6810084
1775141100,656.04,656.29,653.37,655.39,2831715
1775142000,655.39,655.93,653.82,655.25,1892747
1775142900,655.2612,655.78,653.92,655.29,1724516
1775143800,655.32,655.8894,654.26,655.22,1230420
1775144700,655.22,655.2398,653.0301,654,1650692
1775145600,653.985,654.67,652.8,653.3882,1058041
1775146500,653.38,653.65,652.17,652.72,1373493
1775147400,652.71,654.95,652.52,654.23,1542230
1775148300,654.27,654.58,653.54,653.56,570153
1775149200,653.57,654.61,653.03,654.36,628542
1775150100,654.34,655.04,654.26,654.63,552326
1775151000,654.65,654.75,653.8,654.23,602030
1775151900,654.25,654.3,652.55,653.2102,950807
1775152800,653.24,654.418,653.24,653.9,1029622
1775153700,653.91,654.24,653.36,653.5,786370
1775154600,653.51,654.54,653.39,654.34,923909
1775155500,654.31,655.015,654.22,654.46,1070222
1775156400,654.46,655.27,654.39,654.73,1215250
1775157300,654.74,654.86,654.13,654.3799,1003271
1775158200,654.37,655.01,654.09,654.389,1297769
1775159100,654.39,656.1,654.18,655.88,4593867
1775482200,655.86,657.91,655.52,656.755,2666580
1775483100,656.76,658.55,656.69,658.53,1304638
1775484000,657.93,659.72,656.03,658.06,2159081
1775484900,658.08,658.98,657.58,658.37,1196516
1775485800,658.43,659.06,656.7715,657.68,1803327
1775486700,657.66,657.905,656.62,657.49,1031435
1775487600,657.51,658.04,657.04,657.4901,984443
1775488500,657.52,657.71,656.66,656.925,594061
1775489400,656.93,657.1812,656.34,657.1,696729
1775490300,657.09,657.97,656.925,657.85,743975
1775491200,657.868,658.04,657.2,657.6192,582127
1775492100,657.65,658,657.41,657.7932,370433
1775493000,657.78,658.51,657.58,658.265,631310
1775493900,658.28,658.4626,656.88,657.93,811184
1775494800,657.93,657.99,655.52,656.04,1285168
1775495700,656.05,657.57,655.83,657.3901,948837
1775496600,657.41,658,656.8099,657.13,776759
1775497500,657.12,657.12,656.43,656.47,540030
1775498400,656.5,657.87,656.22,657.34,900679
1775499300,657.37,658.65,657.28,658.24,1163259
1775500200,658.23,658.5224,657.73,657.9,624290
1775501100,657.8999,658.41,657.86,658.29,560068
1775502000,658.32,658.42,657.86,658.13,792178
1775502900,658.1349,658.29,657.86,657.8801,813471
1775503800,657.88,658.29,657.81,658.27,939184
1775504700,658.24,658.92,658.07,658.87,3183430
1775568600,656.64,657.58,654.86,654.98,2200103
1775569500,655.01,655.9686,654.01,654.0312,1645069
1775570400,654.07,654.22,651.92,652.7551,2623927
1775571300,652.74,654.78,652.64,654.4,2337614
1775572200,654.45,655.34,653.7599,654.09,1954284
1775573100,654.05,655.14,652.55,652.6,1881752
1775574000,652.58,652.69,651.06,652.07,2740427
1775574900,652.06,653.86,651.82,653.255,2061961
1775575800,653.26,653.73,652.57,652.68,899573
1775576700,652.73,654.4,652.61,653.81,1104203
1775577600,653.82,657,653.81,655.18,2335899
1775578500,655.17,656.54,654.85,655.92,1411775
1775579400,655.89,656.31,655.34,656.08,717175
1775580300,656.05,656.87,656.01,656.04,730129
1775581200,656.05,656.88,655.76,656.25,711821
1775582100,656.24,656.4628,655.48,655.82,676412
1775583000,655.83,658.4,655.57,656.75,1506232
1775583900,656.757,657.29,656.36,656.725,980403
1775584800,656.73,657.02,656.09,656.45,631746
1775585700,656.44,656.93,656.03,656.15,928039
1775586600,656.13,656.34,655.152,655.49,949997
1775587500,655.47,655.51,653.4301,653.96,1819995
1775588400,653.96,654.57,653.4122,654.45,1920122
1775589300,654.45,658.17,654.33,656.66,3660680
1775590200,656.65,657.24,655.89,656.79,1754779
1775591100,656.78,659.61,656.44,659.27,7651899
1775655000,676.39,677.08,674.75,675.08,6859016
1775655900,675.08,676.405,673.97,674.63,5161079
1775656800,674.635,675.23,674.06,674.91,2686471
1775657700,674.905,675.27,674.04,674.13,3058318
1775658600,674.13,674.35,673.18,673.4,3233180
1775659500,673.4,673.63,671.46,672.88,2851932
1775660400,672.87,673.98,672.46,673.12,2034702
1775661300,673.12,673.59,672.7501,673.03,1208328
1775662200,673.09,674.32,673.005,674.24,1337335
1775663100,674.24,675.12,674.24,674.89,1668235
1775664000,674.89,675.675,674.84,674.9,1371728
1775664900,674.9,675.12,674.48,675.02,1239785
1775665800,675.03,675.9,674.89,675.87,1046540
1775666700,675.87,676.23,675.81,676.053,1030583
1775667600,676.07,676.435,675.71,675.87,1024545
1775668500,675.865,676.08,674.77,675.01,1601079
1775669400,675.0101,675.69,674.74,675.575,1980700
1775670300,675.57,675.89,675.35,675.81,1124218
1775671200,675.8,676.47,675.36,676.345,2015344
1775672100,676.345,676.605,674.34,674.88,3415956
1775673000,674.9,675.32,673.91,674.02,2283257
1775673900,674.01,674.36,672.83,672.94,2155872
1775674800,672.925,674.445,672.78,674.34,2525243
1775675700,674.34,674.49,673.39,673.54,2455464
1775676600,673.54,675.04,673.49,674.7,3192881
1775677500,674.7,676.07,674.66,675.87,9186523
1775741400,674.84,675.7899,674.43,675.5377,2672160
1775742300,675.535,675.72,674.65,675.27,1500941
1775743200,675.26,675.69,674.72,674.76,1412972
1775744100,674.76,674.79,673.93,674.295,1589752
1775745000,674.29,674.65,673.77,674.29,1786949
1775745900,674.28,675.5,674.24,675.31,1483490
1775746800,675.31,675.8,674.61,675.7,1372838
1775747700,675.7,676.55,675.7,675.93,2177602
1775748600,675.92,678.07,675.73,677.46,3032072
1775749500,677.48,678.9,677.1,678.83,1733133
1775750400,678.82,680.75,678.82,679.52,2589015
1775751300,679.55,680.39,679.45,679.9,1238136
1775752200,679.92,680,679.05,679.35,992020
1775753100,679.34,680.1,678.97,679.87,1210749
1775754000,679.855,680.72,679.71,680.4,1016350
1775754900,680.41,681.016,680.28,680.2901,1307435
1775755800,680.2999,681.16,679.66,680.645,1290693
1775756700,680.65,680.94,680.34,680.54,744216
1775757600,680.54,680.61,678.69,679.27,1948010
1775758500,679.27,679.58,678.58,678.85,1111597
1775759400,678.86,679.42,678.44,679,1191401
1775760300,678.99,679.31,678.78,679.12,1005616
1775761200,679.13,680.24,678.9503,680.02,1039272
1775762100,680.02,680.2,679.6,679.92,1027831
1775763000,679.91,680.67,679.87,680.38,1732185
1775763900,680.38,680.67,679.83,679.87,4196428
1775827800,681.3,681.93,680.51,680.86,2532439
1775828700,680.865,680.98,680.17,680.76,1861602
1775829600,680.75,681.28,680.028,681.22,1442883
1775830500,681.22,681.57,680.9338,681.52,934985
1775831400,681.54,681.94,680.42,680.89,1347985
1775832300,680.92,681.5,680.64,681.36,1088123
1775833200,681.36,681.72,680.8801,681.59,1026244
1775834100,681.59,682.03,681.15,681.24,892642
1775835000,681.23,681.45,680.07,680.475,1353112
1775835900,680.45,680.7172,679.12,679.46,1314593
1775836800,679.45,680.11,679.11,679.94,1154247
1775837700,679.94,680.095,679.38,679.52,587100
1775838600,679.52,679.71,678.5,678.67,899314
1775839500,678.67,679.68,678.62,679.49,984315
1775840400,679.47,679.4891,678.61,679.1,831440
1775841300,679.12,679.2271,678.59,678.6701,498044
1775842200,678.65,679.25,678.45,679.175,643367
1775843100,679.18,679.53,679.1,679.45,610475
1775844000,679.45,679.475,678.85,679.14,647182
1775844900,679.16,679.7,679.15,679.4,631150
1775845800,679.415,679.46,678.87,679.07,782236
1775846700,679.06,679.37,679.0101,679.31,773919
1775847600,679.32,679.99,679.29,679.96,1040421
1775848500,679.95,679.98,679.45,679.6401,855811
1775849400,679.65,679.65,678.74,679.11,1327341
1775850300,679.1,679.54,678.66,679.31,4214447
1776087000,677.4,677.93,676.58,676.97,2052995
1776087900,676.94,679.73,676.7,679.71,2593956
1776088800,679.72,680.02,678.86,679.07,1522022
1776089700,679.06,679.59,678.4,679.5688,1064388
1776090600,679.57,680.1,679.31,679.98,713450
1776091500,679.98,680.66,679.5,680.5213,1067463
1776092400,680.53,680.53,679.64,680.01,1198769
1776093300,680.01,680.17,679.47,679.51,864376
1776094200,679.53,680.26,679.22,679.51,787026
1776095100,679.515,679.65,679.28,679.48,530358
1776096000,679.4701,680.4,679.015,679.875,876438
1776096900,679.88,681.62,679.72,681.39,1269210
1776097800,681.38,682.32,680.7,681.55,1928197
1776098700,681.52,682.83,681.49,682.31,1589707
1776099600,682.32,682.55,682.09,682.31,868736
1776100500,682.33,682.82,682.2701,682.48,847585
1776101400,682.49,682.7,682.1,682.16,740552
1776102300,682.15,682.3107,681.87,682.14,748316
1776103200,682.15,682.6199,682.15,682.565,1034131
1776104100,682.5601,682.65,682.21,682.375,626863
1776105000,682.37,682.81,682.27,682.789,727899
1776105900,682.79,683.47,682.79,683.295,1248138
1776106800,683.29,683.57,683.04,683.185,1123794
1776107700,683.185,683.84,683.1389,683.805,1399075
1776108600,683.8,684.5,683.66,684.1853,1935993
1776109500,684.17,686.3,683.78,686.01,7196642
1776173400,687.69,689.965,687.66,689.825,4264306
1776174300,689.826,689.87,689.38,689.49,1639846
1776175200,689.49,690.9,689.46,690.8799,2227062
1776176100,690.87,691.05,690.58,690.98,1937438
1776177000,690.99,691.3758,690.61,690.86,1561226
1776177900,690.865,691.6799,690.86,691.5399,1370014
1776178800,691.53,691.57,690.9,690.985,1366509
1776179700,690.9893,692.47,690.94,692.25,1426010
1776180600,692.25,693.16,692.24,692.82,1593256
1776181500,692.81,693.3,692.81,692.86,1779341
1776182400,692.86,693.18,692.78,693.02,1117888
1776183300,693.025,693.72,692.96,693.595,1517876
1776184200,693.59,693.72,693.19,693.48,1713825
1776185100,693.5,693.66,692.83,692.95,1497933
1776186000,692.953,693.38,692.95,693.25,874851
1776186900,693.255,694.06,693.23,693.74,1543247
1776187800,693.74,694.1,693.735,694.015,802071
1776188700,694.015,694.09,693.58,693.725,854702
1776189600,693.72,693.935,693.5,693.545,990887
1776190500,693.54,693.57,692.13,692.6,2112083
1776191400,692.6,693.19,692.51,692.5873,998952
1776192300,692.58,692.8,692.32,692.76,1171116
1776193200,692.76,693.76,692.69,693.505,1233286
1776194100,693.505,694.2699,693.5,694.24,1528728
1776195000,694.23,694.58,693.73,694.07,1964352
1776195900,694.06,694.41,693.41,694.4,4055741
1776259800,695.26,696.35,694.2,694.39,3589389
1776260700,694.395,695.71,694.38,695.68,1451205
1776261600,695.68,695.97,695,695.9351,1175245
1776262500,695.95,696.94,695.78,696.92,2009225
1776263400,696.92,697.07,695.93,696.74,1831216
1776264300,696.745,697.14,696.6129,696.73,1073873
1776265200,696.74,697.32,696.44,697.2999,1347082
1776266100,697.3,697.56,697.16,697.37,1349395
1776267000,697.37,697.55,696.82,697.42,1360007
1776267900,697.42,697.56,696.905,697.01,1019564
1776268800,697.01,697.47,696.8,697.3701,870825
1776269700,697.38,697.8,697.22,697.3599,1060590
1776270600,697.36,697.495,696.35,696.39,1420134
1776271500,696.37,696.78,695.7,696.53,1386174
1776272400,696.56,697.4,696.41,697.16,1020011
1776273300,697.16,697.62,697.0693,697.42,719159
1776274200,697.42,698,697.28,697.4674,1556619
1776275100,697.47,697.87,697.45,697.4801,802756
1776276000,697.49,698.62,697.19,698.315,1756258
1776276900,698.32,698.65,698.18,698.5,1275787
1776277800,698.49,699.2,698.48,698.8741,2105748
1776278700,698.89,699.84,698.89,699.64,1676803
1776279600,699.64,699.96,699.39,699.47,1890327
1776280500,699.47,700.03,699.38,700,1758101
1776281400,699.995,700.14,699.26,699.52,2409587
1776282300,699.51,700.28,699.33,699.84,4737723
1776346200,701.06,701.3,700.11,700.825,2536609
1776347100,700.83,700.9,698.53,699.48,2382008
1776348000,699.47,700.15,698.72,699.645,1676960
1776348900,699.64,699.845,698.652,699.14,1461710
1776349800,699.1499,699.52,698.87,699.5,1007034
1776350700,699.485,700.21,699.37,699.93,1147837
1776351600,699.93,701.46,699.93,701.42,1262251
1776352500,701.42,702.03,700.78,700.78,1466838
1776353400,700.77,702.36,700.66,701.3831,1563069
1776354300,701.405,702.3,701,702.22,963693
1776355200,702.22,702.52,702.07,702.455,963785
1776356100,702.46,702.78,701.92,702.01,982463
1776357000,702.015,702.0699,700.175,701.385,1618158
1776357900,701.37,701.65,700.75,700.81,725876
1776358800,700.83,700.89,700.05,700.08,951851
1776359700,700.05,700.94,699.83,700.7,774285
1776360600,700.72,701.43,700.585,701.37,687812
1776361500,701.37,701.53,700.17,700.6,752958
1776362400,700.61,701.18,699.94,700.54,1074207
1776363300,700.54,700.74,699.4737,699.79,874763
1776364200,699.8,700.92,699.775,700.79,1044197
1776365100,700.786,701.03,700.38,700.705,815692
1776366000,700.71,701.145,700.6,700.8099,865650
1776366900,700.82,701.195,700.81,700.9101,832033
1776367800,700.91,701.6,700.83,701.31,1018057
1776368700,701.32,701.94,701.14,701.55,4692873
1776432600,706.15,707.61,705.97,707.14,3497550
1776433500,707.14,708.36,705.76,708.3301,2677943
1776434400,708.35,709.39,708.15,709.16,2527397
1776435300,709.14,709.46,708.51,709.225,1846301
1776436200,709.24,710.99,709.23,710.86,2613351
1776437100,710.86,711.335,710.195,710.48,1706481
1776438000,710.48,711.17,710.11,710.23,1883127
1776438900,710.24,710.74,709.86,710.62,1214991
1776439800,710.63,711.35,710.4193,710.435,1405522
1776440700,710.48,711.35,710.43,710.74,1347001
1776441600,710.74,711.64,710.54,711.37,914596
1776442500,711.36,711.55,710.94,711.51,830750
1776443400,711.515,712.23,711.515,712.18,1179808
1776444300,712.18,712.39,711.9,711.91,786411
1776445200,711.91,712.17,710.73,711.25,1364915
1776446100,711.25,711.385,709.03,709.88,2403185
1776447000,709.88,710.37,709.58,709.89,1001266
1776447900,709.92,710.7,709.89,710.295,760272
1776448800,710.31,710.48,709.34,709.45,1271925
1776449700,709.45,710.33,709.14,709.81,1178124
1776450600,709.81,710.39,709.7753,710.12,950668
1776451500,710.12,710.19,709.13,709.64,1113151
1776452400,709.64,709.89,708.99,709.13,1056769
1776453300,709.11,709.585,709.08,709.26,1075851
1776454200,709.27,710.36,709.26,710.3,1687446
1776455100,710.29,710.4,709.69,710.04,4799145
1776691800,708.79,709.44,708.23,708.825,2609788
1776692700,708.825,709.91,708.43,709.67,1286817
1776693600,709.67,709.72,708.67,709.255,1122969
1776694500,709.24,709.64,708.79,708.95,1079747
1776695400,708.93,709,707.9101,708.11,1188837
1776696300,708.105,708.78,706.48,707.14,2470312
1776697200,707.155,707.58,706.14,706.74,1445708
1776698100,706.72,708.52,706.42,708.27,1250798
1776699000,708.26,708.26,707.25,707.52,844457
1776699900,707.53,707.85,707.11,707.5992,504928
1776700800,707.6,707.7498,707.04,707.59,476204
1776701700,707.59,707.8,707.02,707.65,455489
1776702600,707.66,708.1,707.37,707.69,591308
1776703500,707.7,707.9,707.47,707.6399,367920
1776704400,707.64,708.118,707.26,708.06,472777
1776705300,708.03,708.39,707.95,707.98,489279
1776706200,707.9882,708.26,707.61,707.9418,604202
1776707100,707.945,708.05,707.67,707.74,406746
1776708000,707.74,708.26,707.481,708.2,799897
1776708900,708.1894,708.61,708,708.32,712035
1776709800,708.32,708.42,707.86,708.12,943070
1776710700,708.12,708.61,708.06,708.265,543260
1776711600,708.27,708.58,708.19,708.45,866763
1776712500,708.45,708.49,707.96,708.02,910545
1776713400,708.02,708.17,707.63,707.7099,1175526
1776714300,707.695,708.8,707.6,708.69,3826689
1776778200,710.28,710.45,708.75,709.69,1956811
1776779100,709.68,710.865,709.39,710.75,1301094
1776780000,710.77,711.18,710.46,711.0201,992455
1776780900,711.025,711.275,710.16,710.57,971935
1776781800,710.56,710.78,709.74,709.885,1127401
1776782700,709.89,709.94,707.46,707.59,1747333
1776783600,707.59,708.08,706.15,707.91,2600607
1776784500,707.9,708.2,706.275,706.69,1288630
1776785400,706.66,707.42,706.04,706.94,1331233
1776786300,707.01,707.48,706.45,706.72,771863
1776787200,706.745,707.885,706.63,706.9,940268
1776788100,706.8701,707.19,706.28,706.36,637094
1776789000,706.3314,707.14,705.66,705.85,715056
1776789900,705.85,706.62,705.51,705.58,869671
1776790800,705.58,706.3088,704.32,704.71,2528257
1776791700,704.71,704.97,703.84,704.69,1727216
1776792600,704.68,707.41,704.64,706.5,2381852
1776793500,706.51,706.55,705.31,705.795,1274665
1776794400,705.795,706.51,705.47,705.92,778972
1776795300,705.92,706.18,704.71,705.099,1409597
1776796200,705.095,705.77,705.095,705.44,772938
1776797100,705.43,706.89,705.0203,706.32,1489861
1776798000,706.33,707.31,706.19,706.615,1583851
1776798900,706.67,707.78,706.25,707.725,1907260
1776799800,707.72,707.87,702.64,703.19,4233579
1776800700,703.2,704.95,703.11,704.15,6181084
1776864600,709.18,709.33,708.22,708.7,1933082
1776865500,708.7,709.49,708.24,709.39,1220622
1776866400,709.39,710.15,708.76,710.1,1230917
1776867300,710.1,710.7,710.1,710.52,1214462
1776868200,710.51,710.65,709.465,709.72,1383386
1776869100,709.71,710.34,709.5,710.04,944927
1776870000,710.05,710.23,709.2901,709.84,702110
1776870900,709.86,710.53,709.56,710.2,899098
1776871800,710.19,710.44,709.26,709.28,663142
1776872700,709.26,710.04,709.16,709.64,729590
1776873600,709.65,710.12,709.39,709.92,682991
1776874500,709.92,710.02,709.08,709.155,831619
1776875400,709.15,709.68,708.83,709.09,763688
1776876300,709.09,709.4,708.8,708.89,560305
1776877200,708.91,710.4,708.89,709.9278,968396
1776878100,709.94,710.42,709.5997,710.04,585521
1776879000,710.05,710.33,709.9,710.23,509723
1776879900,710.23,710.42,709.82,709.99,529321
1776880800,709.97,710.22,709.86,709.95,825251
1776881700,709.94,709.94,709.2,709.45,1191943
1776882600,709.46,709.98,709.375,709.885,759245
1776883500,709.885,710.07,709.52,709.65,1010879
1776884400,709.66,710.03,709.19,709.96,1138355
1776885300,709.9599,710.58,709.94,710.45,1364223
1776886200,710.455,710.59,710.13,710.45,1317958
1776887100,710.44,711.45,710.37,711.21,4223362
1776951000,709.5,710.6,709.22,710.57,1761691
1776951900,710.57,711.285,710.15,710.21,1565309
1776952800,710.19,710.345,709.13,710.0905,1628380
1776953700,710.09,710.96,710.06,710.53,1138759
1776954600,710.51,711.13,710.4,710.94,899834
1776955500,710.95,712.055,710.89,711.71,1263275
1776956400,711.7,711.99,711.4499,711.635,857273
1776957300,711.64,712.28,711.51,711.99,887561
1776958200,711.99,712.3598,711.495,711.575,841949
1776959100,711.59,711.62,710.7,711.105,1281587
1776960000,711.105,711.24,710.305,710.9,870097
1776960900,710.9,711.09,710.4,710.73,567386
1776961800,710.7489,711.27,710.625,710.95,633172
1776962700,710.95,711.18,710.58,710.87,332632
1776963600,710.88,711.08,707.33,707.74,2905632
1776964500,707.75,707.75,705.88,706.05,2694719
1776965400,706.0406,707.7,703.31,703.76,3409049
1776966300,703.76,707.05,702.2803,706.635,5403066
1776967200,706.67,708.25,706.22,707.8,2499388
1776968100,707.76,708.59,707.59,708.5101,1322662
1776969000,708.51,709.48,708.09,708.67,1354966
1776969900,708.67,708.73,706.74,707.1262,1284462
1776970800,707.1325,708.2291,706.76,708.21,1279907
1776971700,708.22,708.66,708.2,708.405,836300
1776972600,708.42,708.91,707.11,707.34,1242034
1776973500,707.34,708.88,706.47,708.44,4201886
1777037400,710.75,711.16,709.55,709.97,2647397
1777038300,709.99,710.55,709.01,709.94,1507154
1777039200,709.91,710.7,709.14,710.05,1678101
1777040100,710.08,710.67,709.5153,709.86,1012572
1777041000,709.89,711.1,709.45,710.99,1075328
1777041900,711,711.61,710.6988,711.42,912647
1777042800,711.44,711.86,711.19,711.77,694500
1777043700,711.791,712.15,711.51,711.85,663232
1777044600,711.87,713.84,711.54,713.4,1115164
1777045500,713.45,714.14,712.58,713.77,2144523
1777046400,713.77,713.98,713.1,713.3598,887433
1777047300,713.335,713.63,712.99,713.3012,635877
1777048200,713.321,713.8913,712.85,713.11,631757
1777049100,713.08,713.81,713.01,713.61,582223
1777050000,713.6,713.79,713.23,713.33,658250
1777050900,713.33,713.37,712.72,713.02,557175
1777051800,713,713.58,712.73,713.5299,758512
1777052700,713.54,714.46,713.365,713.65,643155
1777053600,713.66,713.79,713.25,713.505,914464
1777054500,713.5,713.61,712.95,713.02,623193
1777055400,713.03,713.64,713,713.34,511535
1777056300,713.34,713.59,713.16,713.53,519331
1777057200,713.53,714.38,713.53,714.205,922821
1777058100,714.2,714.47,713.56,713.74,1269769
1777059000,713.75,713.96,713.44,713.7901,1297091
1777059900,713.79,714.43,713.54,713.98,4504651
1777296600,713.17,714.4093,712.87,713.71,2225188
1777297500,713.7,714.3,712.6,714.085,2176824
1777298400,714.09,714.34,713.5,713.865,1078556
1777299300,713.85,713.9499,713.35,713.445,787983
1777300200,713.4592,714.45,713.072,713.98,1170830
1777301100,713.97,714.05,713.345,713.62,703768
1777302000,713.66,713.8,712.8,712.88,774961
1777302900,712.88,713.25,712.295,713,834513
1777303800,712.99,713.4,712.76,713.29,558540
1777304700,713.27,713.48,713.05,713.4,442556
1777305600,713.41,714.02,713.18,713.94,619431
1777306500,713.95,714.12,713.74,713.86,631919
1777307400,713.87,714.31,713.87,714.12,492034
1777308300,714.12,714.255,713.86,714.13,559215
1777309200,714.12,714.35,714.09,714.34,428907
1777310100,714.335,714.755,713.88,714.6,738978
1777311000,714.6,715.21,714.58,714.84,804155
1777311900,714.85,715,714.65,714.8799,524172
1777312800,714.85,715.11,714.72,715.055,739890
1777313700,715.05,715.24,715,715.1,666096
1777314600,715.09,715.22,714.8,714.895,584052
1777315500,714.9,715.14,714.72,714.875,454233
1777316400,714.87,715.04,714.71,714.95,541223
1777317300,714.95,715.21,714.945,715.14,785612
1777318200,715.13,715.29,714.88,715.18,1508969
1777319100,715.175,715.63,714.96,715.15,2946783
1777383000,711.82,712.88,710.78,712.4,2333335
1777383900,712.42,712.61,710.96,711.58,1674775
1777384800,711.585,712.36,711.11,711.64,1099699
1777385700,711.66,711.82,710.95,711.25,871302
1777386600,711.26,711.58,709.64,710.46,1646463
1777387500,710.48,710.69,709.25,710.52,1401232
1777388400,710.53,711.07,709.88,710.69,736997
1777389300,710.69,710.82,709.81,709.9,629652
1777390200,709.905,710.15,709.42,709.81,722520
1777391100,709.79,710.0225,709.38,709.98,608765
1777392000,709.98,710.485,709.77,710.43,562585
1777392900,710.45,710.59,710.07,710.32,323184
1777393800,710.3201,710.44,709.36,709.53,503907
1777394700,709.53,710.4,709.42,710.18,543980
1777395600,710.17,710.4,709.46,709.99,481145
1777396500,709.98,710.33,709.56,710.12,514360
1777397400,710.12,710.98,710.115,710.73,534800
1777398300,710.72,711.15,710.59,711.03,537818
1777399200,711.04,711.17,710.76,711.03,618858
1777400100,711.03,711.65,711.03,711.35,977325
1777401000,711.36,711.42,710.83,711.4,639913
1777401900,711.385,711.61,711.27,711.52,595786
1777402800,711.525,712.19,711.44,711.92,842410
1777403700,711.92,711.92,711.41,711.59,1020943
1777404600,711.59,711.8,711.2,711.6399,1252457
1777405500,711.64,711.99,711.4,711.68,3932997
1777469400,711,711.18,709.92,710.04,1760584
1777470300,710.05,711.02,709.66,710.77,1488109
1777471200,710.755,711.23,710.28,711.13,888292
1777472100,711.1309,711.65,710.94,711.48,890668
1777473000,711.48,712.2,711.3,711.84,817112
1777473900,711.87,711.92,711.38,711.44,532541
1777474800,711.45,711.52,710.15,710.25,1246664
1777475700,710.25,711.11,710.105,710.867,637642
1777476600,710.88,711.1,710.4,710.57,508949
1777477500,710.56,711.01,709.21,710.04,1500033
1777478400,710.05,710.73,709.92,710.23,495011
1777479300,710.23,710.55,709.64,709.75,646634
1777480200,709.745,709.88,708.91,709.76,1068600
1777481100,709.77,710.05,709.42,709.675,483030
1777482000,709.69,709.825,709.22,709.655,515368
1777482900,709.66,710.19,709.38,709.91,457340
1777483800,709.92,710.27,709.78,710.01,838379
1777484700,710.015,710.74,709.975,710.61,650735
1777485600,710.61,710.68,708.46,709.088,1831947
1777486500,709.05,709.91,708.97,709.22,815301
1777487400,709.23,710.17,708.66,708.695,1442098
1777488300,708.6999,710.66,708.37,710.57,1220202
1777489200,710.56,711.3,710,711.24,1063864
1777490100,711.25,711.5,710.87,710.87,1211650
1777491000,710.86,711.06,710.08,710.5497,1757364
1777491900,710.54,711.62,710.38,711.59,3340873
1777555800,714.63,714.73,711.45,712.8509,3457243
1777556700,712.84,713.19,710.78,711.27,1790734
1777557600,711.26,712.26,710.7,711.65,2204571
1777558500,711.63,712.34,710.445,712.01,1342288
1777559400,712.01,712.79,711.18,712.24,1263007
1777560300,712.23,714.16,712.2299,713.87,1265729
1777561200,713.87,714.53,713.55,714.295,929163
1777562100,714.33,714.59,713.81,714.43,1058461
1777563000,714.41,714.95,713.74,713.93,923785
1777563900,713.925,715.07,713.47,714.6,733698
1777564800,714.6,715.39,714.07,715.31,690233
1777565700,715.3,715.36,714.78,715.18,665716
1777566600,715.18,715.33,714.65,714.7499,591066
1777567500,714.74,714.9,713.9,714.3475,771477
1777568400,714.35,715.65,714.325,715.56,648198
1777569300,715.55,715.89,715.2,715.81,603614
1777570200,715.82,716.68,715.82,716.43,914383
1777571100,716.44,717.16,716.44,717.0601,606048
1777572000,717.08,717.915,717.03,717.79,1219219
1777572900,717.79,718.11,717.63,717.88,1053641
1777573800,717.9,718.7,717.87,718.58,1299067
1777574700,718.58,718.82,718.27,718.37,1075221
1777575600,718.36,719.43,718.28,719.27,1180513
1777576500,719.27,719.4,719.03,719.12,1261246
1777577400,719.11,719.43,718.75,719.41,2473711
1777578300,719.38,719.79,718.35,718.43,8100977
1777642200,721.25,722.62,720.74,722.52,2856484
1777643100,722.49,724.24,721.87,724.175,1921354
1777644000,724.19,724.66,723.77,724.45,1461417
1777644900,724.45,724.87,724.18,724.2588,1115390
1777645800,724.27,724.27,722.3,722.96,2038037
1777646700,722.910091,723.39,722.6661,722.72,711007
1777647600,722.73,723.015,722.04,722.995,915731
1777648500,723,723.38,722.79,723.29,586794
1777649400,723.295,724.06,723.17,724.01,790284
1777650300,724.005,724.38,722.71,723.385,1495680
1777651200,723.36,723.61,722.38,722.5,1085100
1777652100,722.49,723.17,721.87,722.14,1338863
1777653000,722.1201,722.34,721.63,721.69,858792
1777653900,721.68,722.36,721.49,721.89,760763
1777654800,721.89,722.54,721.86,722.5099,762065
1777655700,722.5,722.98,722.31,722.98,630831
1777656600,722.96,723.1,722.62,722.9075,574584